campaign_name,predicted_spend_12h,timestamp
22,90.56269119692264,2025-10-17 17:09:16.616512
23,85.95830233374241,2025-10-17 17:09:16.616516
24,92.19111113580907,2025-10-17 17:09:16.616517
25,101.05980755861151,2025-10-17 17:09:16.616517
26,105.50080657320534,2025-10-17 17:09:16.616518
27,99.25008991005242,2025-10-17 17:09:16.616518
28,104.66341512357168,2025-10-17 17:09:16.616518
29,107.47997079369082,2025-10-17 17:09:16.616519
30,108.27155717784538,2025-10-17 17:09:16.616519
31,107.30550945284344,2025-10-17 17:09:16.616519
32,104.44608874939476,2025-10-17 17:09:16.616520
33,98.91054381811159,2025-10-17 17:09:16.616520
34,103.05401683997411,2025-10-17 17:09:16.616520
35,100.77003641588749,2025-10-17 17:09:16.616521
36,100.32770479883733,2025-10-17 17:09:16.616521
37,92.77931711103217,2025-10-17 17:09:16.616521
38,90.96738315693776,2025-10-17 17:09:16.616522
39,86.58466390580868,2025-10-17 17:09:16.616522
40,92.12460355418449,2025-10-17 17:09:16.616522
41,93.29490839400378,2025-10-17 17:09:16.616523
42,89.21885238714341,2025-10-17 17:09:16.616523
43,84.70760435624123,2025-10-17 17:09:16.616523
44,84.92792537642435,2025-10-17 17:09:16.616524
45,89.82257388855388,2025-10-17 17:09:16.616524
59,116.7977462569529,2025-10-17 17:09:16.616525
60,124.13695579084062,2025-10-17 17:09:16.616525
61,122.84784976857415,2025-10-17 17:09:16.616526
62,122.40600648949075,2025-10-17 17:09:16.616526
63,117.66838237479821,2025-10-17 17:09:16.616527
64,127.70741368545184,2025-10-17 17:09:16.616527
65,119.574407659592,2025-10-17 17:09:16.616527
66,118.21154338959269,2025-10-17 17:09:16.616528
67,112.44490108732758,2025-10-17 17:09:16.616528
68,107.12242128901615,2025-10-17 17:09:16.616528
69,95.23089946496027,2025-10-17 17:09:16.616529
70,94.43106667257736,2025-10-17 17:09:16.616529
71,99.22355844881218,2025-10-17 17:09:16.616529
72,98.8268337842876,2025-10-17 17:09:16.616530
73,98.11696361094887,2025-10-17 17:09:16.616530
74,110.81547501166708,2025-10-17 17:09:16.616530
75,110.51907289296692,2025-10-17 17:09:16.616531
76,109.00606098087867,2025-10-17 17:09:16.616531
77,108.26120845504686,2025-10-17 17:09:16.616532
78,107.90027070488355,2025-10-17 17:09:16.616532
79,114.90970401946237,2025-10-17 17:09:16.616532
80,114.25092379543973,2025-10-17 17:09:16.616533
81,116.58652941498464,2025-10-17 17:09:16.616533
82,99.00036783956656,2025-10-17 17:09:16.616533
99,133.8413532233593,2025-10-17 17:09:16.616534
100,128.18548134114448,2025-10-17 17:09:16.616534
101,120.61641223704734,2025-10-17 17:09:16.616537
102,116.9806197152759,2025-10-17 17:09:16.616537
103,113.88532357109173,2025-10-17 17:09:16.616537
104,94.07283709306107,2025-10-17 17:09:16.616538
105,97.84120933774105,2025-10-17 17:09:16.616538
106,94.53154227853028,2025-10-17 17:09:16.616538
107,94.47796244742129,2025-10-17 17:09:16.616539
108,98.88330797936878,2025-10-17 17:09:16.616539
109,98.69104494209172,2025-10-17 17:09:16.616539
110,113.35051456878737,2025-10-17 17:09:16.616540
111,121.73769832970379,2025-10-17 17:09:16.616540
112,129.3492022297039,2025-10-17 17:09:16.616540
113,143.69275022192042,2025-10-17 17:09:16.616541
114,144.11242984117104,2025-10-17 17:09:16.616541
115,149.9173007404309,2025-10-17 17:09:16.616541
116,147.4539469390872,2025-10-17 17:09:16.616542
117,145.72811276435124,2025-10-17 17:09:16.616542
118,144.8578567334634,2025-10-17 17:09:16.616542
119,128.7892132797941,2025-10-17 17:09:16.616543
120,125.06478810296997,2025-10-17 17:09:16.616543
121,126.38579587136033,2025-10-17 17:09:16.616543
122,108.93409591365031,2025-10-17 17:09:16.616544
134,107.41411928901206,2025-10-17 17:09:16.616544
135,109.76562268610435,2025-10-17 17:09:16.616544
136,110.611880444652,2025-10-17 17:09:16.616545
137,118.54356821992168,2025-10-17 17:09:16.616545
138,117.1928985137784,2025-10-17 17:09:16.616545
139,112.51792576008171,2025-10-17 17:09:16.616546
140,120.60896374411122,2025-10-17 17:09:16.616546
141,119.43881021561666,2025-10-17 17:09:16.616546
142,121.06947979953921,2025-10-17 17:09:16.616547
143,116.26258779616931,2025-10-17 17:09:16.616547
144,111.45339372941018,2025-10-17 17:09:16.616547
145,111.8401730286207,2025-10-17 17:09:16.616548
146,106.84475909278326,2025-10-17 17:09:16.616548
147,101.56606150176107,2025-10-17 17:09:16.616548
148,89.2965232834456,2025-10-17 17:09:16.616549
149,97.71059725711416,2025-10-17 17:09:16.616549
150,95.19224986093008,2025-10-17 17:09:16.616549
151,101.52576287716906,2025-10-17 17:09:16.616550
152,106.53795541491189,2025-10-17 17:09:16.616550
153,121.15710859144497,2025-10-17 17:09:16.616550
154,119.5896295716055,2025-10-17 17:09:16.616551
155,121.84595537019351,2025-10-17 17:09:16.616551
156,121.6831467835175,2025-10-17 17:09:16.616552
157,121.42398589983681,2025-10-17 17:09:16.616552
158,141.86935240579848,2025-10-17 17:09:16.616552
159,123.21150644329957,2025-10-17 17:09:16.616552
160,141.89404138964022,2025-10-17 17:09:16.616553
161,135.00444924189404,2025-10-17 17:09:16.616553
162,138.17413610885328,2025-10-17 17:09:16.616553
163,137.83796445567785,2025-10-17 17:09:16.616554
164,145.6407354302826,2025-10-17 17:09:16.616554
165,142.6953793116515,2025-10-17 17:09:16.616555
166,141.86609778151313,2025-10-17 17:09:16.616555
167,131.33778060170715,2025-10-17 17:09:16.616555
168,129.72168548483958,2025-10-17 17:09:16.616555
169,125.53405158293211,2025-10-17 17:09:16.616556
170,117.94701947811183,2025-10-17 17:09:16.616556
171,108.95861484372168,2025-10-17 17:09:16.616557
172,118.89570556892613,2025-10-17 17:09:16.616557
173,107.14328064087323,2025-10-17 17:09:16.616557
174,107.39691113749929,2025-10-17 17:09:16.616558
175,112.65069189384847,2025-10-17 17:09:16.616558
176,136.23437805144053,2025-10-17 17:09:16.616558
177,139.63568395536115,2025-10-17 17:09:16.616559
178,135.82926262038043,2025-10-17 17:09:16.616559
179,148.75707898220526,2025-10-17 17:09:16.616559
196,129.6058319705835,2025-10-17 17:09:16.616560
197,114.79999896719266,2025-10-17 17:09:16.616560
198,116.24068296103339,2025-10-17 17:09:16.616560
199,111.04694408776137,2025-10-17 17:09:16.616560
200,119.91476811143144,2025-10-17 17:09:16.616561
201,129.09331178407655,2025-10-17 17:09:16.616561
202,125.09001474829594,2025-10-17 17:09:16.616562
203,131.15201691523313,2025-10-17 17:09:16.616562
204,130.48449584328594,2025-10-17 17:09:16.616562
205,142.41590405615284,2025-10-17 17:09:16.616563
206,139.54639967207805,2025-10-17 17:09:16.616563
207,136.09463854220795,2025-10-17 17:09:16.616564
208,143.57484138428964,2025-10-17 17:09:16.616564
209,143.5071400502573,2025-10-17 17:09:16.616564
210,144.26093986972933,2025-10-17 17:09:16.616565
211,141.4157208992579,2025-10-17 17:09:16.616565
212,144.4939500331208,2025-10-17 17:09:16.616565
213,138.43882570168898,2025-10-17 17:09:16.616565
214,128.08156812707068,2025-10-17 17:09:16.616566
215,126.67937501551641,2025-10-17 17:09:16.616566
216,121.1577728750626,2025-10-17 17:09:16.616566
217,120.72597582302294,2025-10-17 17:09:16.616567
218,110.31159584585838,2025-10-17 17:09:16.616567
219,101.79277612229956,2025-10-17 17:09:16.616567
220,152.0600338270487,2025-10-17 17:09:16.616568
221,125.62424423335462,2025-10-17 17:09:16.616568
222,110.18665543700524,2025-10-17 17:09:16.616568
223,122.21668156273546,2025-10-17 17:09:16.616569
224,132.25183713147513,2025-10-17 17:09:16.616569
225,143.7803693391391,2025-10-17 17:09:16.616569
226,141.29616524934528,2025-10-17 17:09:16.616570
227,138.22760971587755,2025-10-17 17:09:16.616570
228,132.8916717400005,2025-10-17 17:09:16.616570
229,138.38721226836356,2025-10-17 17:09:16.616571
230,137.55191933428407,2025-10-17 17:09:16.616571
231,135.10717516639843,2025-10-17 17:09:16.616571
232,135.94580822715,2025-10-17 17:09:16.616572
233,133.62316025503927,2025-10-17 17:09:16.616572
234,121.43867965603438,2025-10-17 17:09:16.616572
235,119.70015215201397,2025-10-17 17:09:16.616573
240,111.37572351068778,2025-10-17 17:09:16.616573
241,105.48388668833161,2025-10-17 17:09:16.616573
242,105.32716600997485,2025-10-17 17:09:16.616574
243,106.10244837638501,2025-10-17 17:09:16.616574
244,99.39929435170667,2025-10-17 17:09:16.616574
245,96.24630383001099,2025-10-17 17:09:16.616574
246,93.7956327725711,2025-10-17 17:09:16.616575
247,103.46494864848553,2025-10-17 17:09:16.616575
248,98.64083359766916,2025-10-17 17:09:16.616575
249,76.1318598372793,2025-10-17 17:09:16.616576
250,76.51409996662254,2025-10-17 17:09:16.616576
251,70.97292096701595,2025-10-17 17:09:16.616576
252,67.4559032749941,2025-10-17 17:09:16.616577
253,83.23383553516254,2025-10-17 17:09:16.616577
254,81.62629340702493,2025-10-17 17:09:16.616577
255,88.95269948000463,2025-10-17 17:09:16.616578
256,104.09339716132494,2025-10-17 17:09:16.616578
257,109.8320009094142,2025-10-17 17:09:16.616579
258,120.03009751375058,2025-10-17 17:09:16.616579
259,118.76521437071132,2025-10-17 17:09:16.616579
260,113.92422980227988,2025-10-17 17:09:16.616580
261,120.42073145869549,2025-10-17 17:09:16.616580
262,104.919861205205,2025-10-17 17:09:16.616580
263,108.55133226454761,2025-10-17 17:09:16.616581
315,88.87313780421668,2025-10-17 17:09:16.616581
316,92.45460251166311,2025-10-17 17:09:16.616581
317,92.76907935010806,2025-10-17 17:09:16.616581
318,96.15453792746827,2025-10-17 17:09:16.616582
319,104.18066076973498,2025-10-17 17:09:16.616582
320,128.13567729015767,2025-10-17 17:09:16.616582
321,104.82956144685352,2025-10-17 17:09:16.616583
322,110.27663994635546,2025-10-17 17:09:16.616583
323,122.09518717869496,2025-10-17 17:09:16.616583
324,133.73881014074368,2025-10-17 17:09:16.616584
325,164.37817288051846,2025-10-17 17:09:16.616584
326,178.74501821103306,2025-10-17 17:09:16.616584
327,170.03517738926905,2025-10-17 17:09:16.616585
328,184.11299558802526,2025-10-17 17:09:16.616585
329,180.64575446774322,2025-10-17 17:09:16.616585
330,177.37749154705085,2025-10-17 17:09:16.616586
331,169.49908531795484,2025-10-17 17:09:16.616586
332,150.29930999021244,2025-10-17 17:09:16.616586
333,153.67902377239983,2025-10-17 17:09:16.616586
334,167.93921772706742,2025-10-17 17:09:16.616587
335,164.60842545430788,2025-10-17 17:09:16.616587
336,171.02156557202912,2025-10-17 17:09:16.616588
337,176.9059417900533,2025-10-17 17:09:16.616588
338,180.91413631583268,2025-10-17 17:09:16.616588
358,99.52948985415303,2025-10-17 17:09:16.616588
359,99.05824939040225,2025-10-17 17:09:16.616589
360,97.21595713924955,2025-10-17 17:09:16.616589
361,76.82079147318579,2025-10-17 17:09:16.616589
362,95.01884129213705,2025-10-17 17:09:16.616590
363,98.56442506664925,2025-10-17 17:09:16.616590
364,96.72547971894099,2025-10-17 17:09:16.616590
365,96.436267441735,2025-10-17 17:09:16.616591
366,87.97803165557093,2025-10-17 17:09:16.616591
367,87.6021725090687,2025-10-17 17:09:16.616591
368,90.88789457872264,2025-10-17 17:09:16.616592
369,100.90133242716537,2025-10-17 17:09:16.616592
370,106.0326968407779,2025-10-17 17:09:16.616592
371,100.60532124245275,2025-10-17 17:09:16.616593
372,95.97366200064452,2025-10-17 17:09:16.616593
373,83.06008392052556,2025-10-17 17:09:16.616593
374,83.06008392052556,2025-10-17 17:09:16.616594
375,84.23160011283423,2025-10-17 17:09:16.616594
376,81.65722201261491,2025-10-17 17:09:16.616594
377,81.80648343162444,2025-10-17 17:09:16.616597
378,81.83399176840135,2025-10-17 17:09:16.616598
379,95.84631387217755,2025-10-17 17:09:16.616598
380,105.47661913157984,2025-10-17 17:09:16.616598
381,102.32267410307732,2025-10-17 17:09:16.616599
404,98.00071966604438,2025-10-17 17:09:16.616599
405,95.00678401232017,2025-10-17 17:09:16.616599
406,88.12861940823066,2025-10-17 17:09:16.616600
407,92.49261872032159,2025-10-17 17:09:16.616600
408,93.40519235849304,2025-10-17 17:09:16.616601
409,92.49364135271004,2025-10-17 17:09:16.616601
410,81.037267177625,2025-10-17 17:09:16.616601
411,85.43067469486022,2025-10-17 17:09:16.616601
412,101.2585325970696,2025-10-17 17:09:16.616602
413,104.82047986708892,2025-10-17 17:09:16.616602
414,120.9645317818262,2025-10-17 17:09:16.616602
415,119.12071582262435,2025-10-17 17:09:16.616603
416,126.29834729721765,2025-10-17 17:09:16.616603
417,128.31254477008235,2025-10-17 17:09:16.616603
418,116.60978827622642,2025-10-17 17:09:16.616604
419,126.19692160950649,2025-10-17 17:09:16.616604
420,128.48228513382475,2025-10-17 17:09:16.616604
421,131.0225291949619,2025-10-17 17:09:16.616605
422,134.16554418866565,2025-10-17 17:09:16.616605
423,130.71689302378346,2025-10-17 17:09:16.616605
424,129.8970030098274,2025-10-17 17:09:16.616606
425,131.68940541452835,2025-10-17 17:09:16.616606
426,124.83839055260646,2025-10-17 17:09:16.616606
427,109.46571642554996,2025-10-17 17:09:16.616607
428,164.77271286315096,2025-10-17 17:09:16.616607
429,151.0122232438198,2025-10-17 17:09:16.616608
430,152.52212479094558,2025-10-17 17:09:16.616608
431,149.08896907537968,2025-10-17 17:09:16.616608
432,147.06551263128483,2025-10-17 17:09:16.616608
433,144.6437328206106,2025-10-17 17:09:16.616609
434,142.67636931134706,2025-10-17 17:09:16.616609
435,141.7280632356829,2025-10-17 17:09:16.616609
507,112.3094564876181,2025-10-17 17:09:16.616610
508,117.09497643372275,2025-10-17 17:09:16.616610
509,124.76307474055452,2025-10-17 17:09:16.616610
510,122.81038788330979,2025-10-17 17:09:16.616611
511,123.73884470130209,2025-10-17 17:09:16.616611
512,127.35560404599086,2025-10-17 17:09:16.616611
513,117.64515152949662,2025-10-17 17:09:16.616612
514,117.4616232495881,2025-10-17 17:09:16.616612
515,111.29195883282854,2025-10-17 17:09:16.616612
516,102.22542396116724,2025-10-17 17:09:16.616613
517,94.07644858007387,2025-10-17 17:09:16.616613
518,107.27964179978346,2025-10-17 17:09:16.616613
519,100.03827757199498,2025-10-17 17:09:16.616614
520,107.93485559192122,2025-10-17 17:09:16.616614
521,111.5421892199094,2025-10-17 17:09:16.616614
522,99.75820671343776,2025-10-17 17:09:16.616615
523,97.10480767231869,2025-10-17 17:09:16.616615
524,95.9468562730492,2025-10-17 17:09:16.616615
525,92.67266278341322,2025-10-17 17:09:16.616615
526,80.41778302571521,2025-10-17 17:09:16.616616
527,85.94702124516026,2025-10-17 17:09:16.616616
528,98.34987907433359,2025-10-17 17:09:16.616616
529,111.67596248604168,2025-10-17 17:09:16.616617
530,113.90860040804958,2025-10-17 17:09:16.616617
602,126.28274846035275,2025-10-17 17:09:16.616617
603,113.43635731872149,2025-10-17 17:09:16.616618
604,116.24260717892778,2025-10-17 17:09:16.616618
605,121.83980048259762,2025-10-17 17:09:16.616618
606,122.80559793480937,2025-10-17 17:09:16.616619
607,112.16651888958262,2025-10-17 17:09:16.616619
608,116.01166274220311,2025-10-17 17:09:16.616619
609,115.67039644555413,2025-10-17 17:09:16.616620
610,119.71521913215369,2025-10-17 17:09:16.616620
611,119.64280427182123,2025-10-17 17:09:16.616620
612,119.65061046339545,2025-10-17 17:09:16.616620
613,112.95115452730602,2025-10-17 17:09:16.616621
614,102.50465137301268,2025-10-17 17:09:16.616621
615,113.23553534981428,2025-10-17 17:09:16.616621
616,121.23733413982019,2025-10-17 17:09:16.616622
617,122.33157032500405,2025-10-17 17:09:16.616622
618,116.93902316818352,2025-10-17 17:09:16.616622
619,110.12228686169973,2025-10-17 17:09:16.616623
620,96.83130539200063,2025-10-17 17:09:16.616623
621,102.17353719798997,2025-10-17 17:09:16.616623
622,106.50248707148432,2025-10-17 17:09:16.616624
623,92.99570933903647,2025-10-17 17:09:16.616624
624,86.58389403752626,2025-10-17 17:09:16.616624
625,87.69925661396279,2025-10-17 17:09:16.616625
637,110.6443520646224,2025-10-17 17:09:16.616625
638,106.62677684394716,2025-10-17 17:09:16.616625
639,90.74113984667926,2025-10-17 17:09:16.616626
640,90.12896484706268,2025-10-17 17:09:16.616626
641,90.24989790471811,2025-10-17 17:09:16.616626
642,92.71531342583955,2025-10-17 17:09:16.616627
643,97.27046967409981,2025-10-17 17:09:16.616627
644,92.6408079709078,2025-10-17 17:09:16.616627
645,108.44120775293477,2025-10-17 17:09:16.616628
646,112.25375249031492,2025-10-17 17:09:16.616628
647,120.45617908244195,2025-10-17 17:09:16.616628
648,123.01341120504033,2025-10-17 17:09:16.616629
649,129.18518357516595,2025-10-17 17:09:16.616629
650,128.9910172128929,2025-10-17 17:09:16.616629
651,120.8244602844609,2025-10-17 17:09:16.616630
652,120.4605279603084,2025-10-17 17:09:16.616630
653,127.9223883401567,2025-10-17 17:09:16.616630
654,136.66150199675948,2025-10-17 17:09:16.616630
655,131.83694547987176,2025-10-17 17:09:16.616631
656,129.6760005483931,2025-10-17 17:09:16.616631
657,118.60396008644392,2025-10-17 17:09:16.616631
658,117.00469902593986,2025-10-17 17:09:16.616632
659,117.70105432683604,2025-10-17 17:09:16.616632
660,104.44701225459589,2025-10-17 17:09:16.616633
661,159.6922854539454,2025-10-17 17:09:16.616633
662,131.3793293025377,2025-10-17 17:09:16.616633
663,150.95762358084144,2025-10-17 17:09:16.616634
664,157.41328353194785,2025-10-17 17:09:16.616634
665,154.90206556574063,2025-10-17 17:09:16.616634
666,153.15249010640088,2025-10-17 17:09:16.616634
667,158.0310207034516,2025-10-17 17:09:16.616635
668,152.3370031416001,2025-10-17 17:09:16.616635
669,146.99678235765555,2025-10-17 17:09:16.616635
670,145.64051988499006,2025-10-17 17:09:16.616636
671,143.55969758003977,2025-10-17 17:09:16.616636
672,142.92560117044897,2025-10-17 17:09:16.616636
673,139.92761918791618,2025-10-17 17:09:16.616637
674,135.77634554800204,2025-10-17 17:09:16.616637
675,144.70148370430113,2025-10-17 17:09:16.616637
676,114.71204985339304,2025-10-17 17:09:16.616638
677,74.59989845009758,2025-10-17 17:09:16.616638
678,78.06314130247992,2025-10-17 17:09:16.616638
679,84.43411543166017,2025-10-17 17:09:16.616639
680,81.87626034532839,2025-10-17 17:09:16.616639
681,91.42941496401265,2025-10-17 17:09:16.616639
682,101.42111412837212,2025-10-17 17:09:16.616640
683,99.29526772297925,2025-10-17 17:09:16.616640
684,110.14475686005986,2025-10-17 17:09:16.616640
685,111.10308953664803,2025-10-17 17:09:16.616641
686,100.542220683575,2025-10-17 17:09:16.616641
687,101.9667031004938,2025-10-17 17:09:16.616641
688,98.71492480852521,2025-10-17 17:09:16.616642
689,99.38241808926328,2025-10-17 17:09:16.616642
690,101.54278458249956,2025-10-17 17:09:16.616642
691,96.00066697751154,2025-10-17 17:09:16.616643
692,95.37885710256113,2025-10-17 17:09:16.616643
693,90.8005416369778,2025-10-17 17:09:16.616643
694,93.54001020129506,2025-10-17 17:09:16.616644
695,87.234188753496,2025-10-17 17:09:16.616644
696,92.66403615964153,2025-10-17 17:09:16.616644
697,78.0114936644737,2025-10-17 17:09:16.616645
706,136.31810864464512,2025-10-17 17:09:16.616645
707,133.54489126926575,2025-10-17 17:09:16.616645
708,133.73832666929428,2025-10-17 17:09:16.616646
709,121.02212250304767,2025-10-17 17:09:16.616646
710,112.34768741331706,2025-10-17 17:09:16.616646
711,108.68733994892492,2025-10-17 17:09:16.616646
712,105.76809026068072,2025-10-17 17:09:16.616647
713,104.85307074320383,2025-10-17 17:09:16.616647
714,106.2372152855323,2025-10-17 17:09:16.616647
715,127.143584944848,2025-10-17 17:09:16.616648
716,142.80007006295617,2025-10-17 17:09:16.616648
717,149.79441419992375,2025-10-17 17:09:16.616648
718,152.14853394390337,2025-10-17 17:09:16.616649
719,149.81223283036,2025-10-17 17:09:16.616649
720,152.4117075505029,2025-10-17 17:09:16.616649
721,150.04170438235752,2025-10-17 17:09:16.616650
722,150.90386936821778,2025-10-17 17:09:16.616650
723,145.469086392336,2025-10-17 17:09:16.616650
724,140.15627549129226,2025-10-17 17:09:16.616651
725,138.59335811257915,2025-10-17 17:09:16.616651
726,127.58023445049193,2025-10-17 17:09:16.616651
727,116.2989616089157,2025-10-17 17:09:16.616652
728,109.76955706988915,2025-10-17 17:09:16.616652
729,108.50890531716423,2025-10-17 17:09:16.616652
730,147.5172232901056,2025-10-17 17:09:16.616652
731,112.3202623489122,2025-10-17 17:09:16.616653
732,121.81414847159506,2025-10-17 17:09:16.616653
733,127.04339335706425,2025-10-17 17:09:16.616654
734,134.79945104937593,2025-10-17 17:09:16.616654
735,148.5570261591096,2025-10-17 17:09:16.616654
736,144.90060651188702,2025-10-17 17:09:16.616655
737,142.922188849497,2025-10-17 17:09:16.616655
738,144.00540328039986,2025-10-17 17:09:16.616655
739,151.32543773130465,2025-10-17 17:09:16.616655
740,152.55019655220758,2025-10-17 17:09:16.616656
741,137.3303375989458,2025-10-17 17:09:16.616656
742,133.77808380922738,2025-10-17 17:09:16.616656
743,128.92657025308495,2025-10-17 17:09:16.616657
744,115.79610980049287,2025-10-17 17:09:16.616657
745,136.92154859219363,2025-10-17 17:09:16.616657
746,113.80212248517145,2025-10-17 17:09:16.616658
747,96.50163074944906,2025-10-17 17:09:16.616658
748,109.05332757628571,2025-10-17 17:09:16.616658
749,117.45570713141136,2025-10-17 17:09:16.616659
750,121.36871571632197,2025-10-17 17:09:16.616659
751,138.58672105609602,2025-10-17 17:09:16.616659
752,143.54898454076556,2025-10-17 17:09:16.616660
753,149.6394964191566,2025-10-17 17:09:16.616660
754,148.41601383128486,2025-10-17 17:09:16.616660
755,145.017093851255,2025-10-17 17:09:16.616661
756,134.15560849442602,2025-10-17 17:09:16.616661
757,127.74802429025935,2025-10-17 17:09:16.616661
758,127.14427349795359,2025-10-17 17:09:16.616661
759,123.25835928601425,2025-10-17 17:09:16.616662
760,108.51748277695471,2025-10-17 17:09:16.616662
761,138.23402486795246,2025-10-17 17:09:16.616662
762,118.14136980271265,2025-10-17 17:09:16.616663
763,127.98498202808803,2025-10-17 17:09:16.616663
764,145.0471655115308,2025-10-17 17:09:16.616663
765,135.86427869582613,2025-10-17 17:09:16.616664
766,151.0843459605512,2025-10-17 17:09:16.616664
767,155.19551743685753,2025-10-17 17:09:16.616664
768,159.802158330724,2025-10-17 17:09:16.616665
769,161.10522741084696,2025-10-17 17:09:16.616665
770,147.5162025223739,2025-10-17 17:09:16.616665
771,144.12473005723666,2025-10-17 17:09:16.616666
772,137.48312809778423,2025-10-17 17:09:16.616666
773,120.42275155125252,2025-10-17 17:09:16.616666
774,120.76592724253535,2025-10-17 17:09:16.616667
775,121.66812545123435,2025-10-17 17:09:16.616667
776,122.03685667216394,2025-10-17 17:09:16.616667
847,93.68650140729453,2025-10-17 17:09:16.616667
848,97.01501298663676,2025-10-17 17:09:16.616668
849,106.12841292368344,2025-10-17 17:09:16.616668
850,97.92348589494836,2025-10-17 17:09:16.616668
851,98.2137047796684,2025-10-17 17:09:16.616669
852,74.27952035181777,2025-10-17 17:09:16.616669
853,71.74844927737419,2025-10-17 17:09:16.616669
854,69.7475506127351,2025-10-17 17:09:16.616670
855,72.13590399910329,2025-10-17 17:09:16.616670
856,79.91291731854571,2025-10-17 17:09:16.616670
857,77.46981486393841,2025-10-17 17:09:16.616671
858,67.62110405390273,2025-10-17 17:09:16.616671
859,57.67564630592319,2025-10-17 17:09:16.616671
860,69.67702441994655,2025-10-17 17:09:16.616672
861,85.19693139346835,2025-10-17 17:09:16.616672
862,78.74883424618412,2025-10-17 17:09:16.616673
863,74.79068856928042,2025-10-17 17:09:16.616673
864,73.85247917724662,2025-10-17 17:09:16.616673
865,62.61689339984617,2025-10-17 17:09:16.616674
866,60.35911080248651,2025-10-17 17:09:16.616674
867,56.13091014873073,2025-10-17 17:09:16.616674
868,55.93942421510174,2025-10-17 17:09:16.616675
869,56.79705916899879,2025-10-17 17:09:16.616675
870,60.03913619708259,2025-10-17 17:09:16.616675
871,121.02147237167155,2025-10-17 17:09:16.616676
872,73.4285815362951,2025-10-17 17:09:16.616676
873,73.07520443366438,2025-10-17 17:09:16.616676
874,70.75775582615319,2025-10-17 17:09:16.616676
875,67.14946543861132,2025-10-17 17:09:16.616677
876,61.650017029825115,2025-10-17 17:09:16.616677
877,65.12383974749058,2025-10-17 17:09:16.616677
878,65.5086767400992,2025-10-17 17:09:16.616678
879,64.41614693464123,2025-10-17 17:09:16.616678
880,61.66346137041161,2025-10-17 17:09:16.616678
881,60.09274040958877,2025-10-17 17:09:16.616679
882,62.38701278952635,2025-10-17 17:09:16.616679
883,56.220301232202544,2025-10-17 17:09:16.616679
884,57.91290787180823,2025-10-17 17:09:16.616680
885,63.23443356862283,2025-10-17 17:09:16.616680
886,73.75022609130869,2025-10-17 17:09:16.616680
887,77.18148390917705,2025-10-17 17:09:16.616681
888,77.27613394367488,2025-10-17 17:09:16.616681
924,83.25898206471688,2025-10-17 17:09:16.616681
925,75.60924105946557,2025-10-17 17:09:16.616681
926,76.60579298626429,2025-10-17 17:09:16.616682
927,88.68814905296395,2025-10-17 17:09:16.616682
928,93.2405278879778,2025-10-17 17:09:16.616682
929,119.45484847800196,2025-10-17 17:09:16.616683
930,135.73957877670605,2025-10-17 17:09:16.616683
931,131.0836837736246,2025-10-17 17:09:16.616683
932,153.76582952390268,2025-10-17 17:09:16.616684
933,170.23292868261905,2025-10-17 17:09:16.616684
934,143.42016317090025,2025-10-17 17:09:16.616684
935,112.40929139490471,2025-10-17 17:09:16.616685
936,86.3991064070283,2025-10-17 17:09:16.616685
937,91.50453771165182,2025-10-17 17:09:16.616685
938,83.12663035340067,2025-10-17 17:09:16.616686
939,79.83236076124007,2025-10-17 17:09:16.616686
940,99.68366895241178,2025-10-17 17:09:16.616686
941,143.05937996597336,2025-10-17 17:09:16.616687
942,142.80374042837488,2025-10-17 17:09:16.616687
943,158.74233731756445,2025-10-17 17:09:16.616687
944,165.7493759318192,2025-10-17 17:09:16.616688
945,152.04277273251867,2025-10-17 17:09:16.616688
946,136.13502695533575,2025-10-17 17:09:16.616688
947,99.4850924873572,2025-10-17 17:09:16.616688
1103,165.6234747253615,2025-10-17 17:09:16.616689
1104,165.42650809817957,2025-10-17 17:09:16.616689
1105,171.13014773062557,2025-10-17 17:09:16.616689
1106,180.99402032980316,2025-10-17 17:09:16.616690
1107,179.02125443727095,2025-10-17 17:09:16.616690
1108,112.27536204385143,2025-10-17 17:09:16.616690
1109,112.96476164433399,2025-10-17 17:09:16.616691
1110,154.8812263469324,2025-10-17 17:09:16.616691
1111,152.55777777669027,2025-10-17 17:09:16.616691
1112,142.7025193418985,2025-10-17 17:09:16.616692
1113,147.12637400978207,2025-10-17 17:09:16.616692
1114,146.40954209744277,2025-10-17 17:09:16.616692
1115,154.42889325996916,2025-10-17 17:09:16.616693
1116,162.7820860156756,2025-10-17 17:09:16.616693
1117,176.21947955720935,2025-10-17 17:09:16.616694
1118,161.28777222938618,2025-10-17 17:09:16.616694
1119,126.7813592282839,2025-10-17 17:09:16.616694
1120,126.02924427874096,2025-10-17 17:09:16.616695
1121,110.21054456198551,2025-10-17 17:09:16.616695
1122,101.13061945024798,2025-10-17 17:09:16.616695
1123,86.59600813240621,2025-10-17 17:09:16.616696
1124,86.66407768017798,2025-10-17 17:09:16.616696
1125,102.69362996990958,2025-10-17 17:09:16.616696
1126,107.63303280375868,2025-10-17 17:09:16.616697
1369,139.47256099932932,2025-10-17 17:09:16.616697
1370,149.11428356447223,2025-10-17 17:09:16.616697
1371,162.9772510635065,2025-10-17 17:09:16.616698
1372,139.57140635634124,2025-10-17 17:09:16.616698
1373,196.11587513100068,2025-10-17 17:09:16.616698
1374,202.05398645094357,2025-10-17 17:09:16.616699
1375,200.6679914231384,2025-10-17 17:09:16.616699
1376,201.39312317155083,2025-10-17 17:09:16.616699
1377,199.54814316068035,2025-10-17 17:09:16.616700
1378,186.96149764113335,2025-10-17 17:09:16.616700
1379,200.8330097339985,2025-10-17 17:09:16.616700
1380,203.9568028104269,2025-10-17 17:09:16.616701
1381,202.55388588179267,2025-10-17 17:09:16.616701
1382,177.61755144227087,2025-10-17 17:09:16.616701
1383,164.47787054461412,2025-10-17 17:09:16.616702
1384,166.11593529786322,2025-10-17 17:09:16.616702
1385,157.9956477920853,2025-10-17 17:09:16.616702
1386,132.09409507162005,2025-10-17 17:09:16.616703
1387,132.7451268124921,2025-10-17 17:09:16.616703
1388,134.46795832137656,2025-10-17 17:09:16.616703
1389,120.31345304132826,2025-10-17 17:09:16.616703
1390,133.6607987966163,2025-10-17 17:09:16.616704
1391,126.58236633486273,2025-10-17 17:09:16.616704
1392,138.8182263435658,2025-10-17 17:09:16.616704
1397,193.8832443674973,2025-10-17 17:09:16.616705
1398,199.25181647064838,2025-10-17 17:09:16.616705
1399,207.63112265556867,2025-10-17 17:09:16.616705
1400,185.66157811265984,2025-10-17 17:09:16.616706
1401,197.79056885232012,2025-10-17 17:09:16.616706
1402,187.6666347560446,2025-10-17 17:09:16.616706
1403,162.58853158211812,2025-10-17 17:09:16.616707
1404,155.85482732202308,2025-10-17 17:09:16.616707
1405,178.9084936867187,2025-10-17 17:09:16.616708
1406,182.28728628061353,2025-10-17 17:09:16.616708
1407,178.6716849457295,2025-10-17 17:09:16.616708
1408,196.52344420963,2025-10-17 17:09:16.616708
1409,199.16429477631232,2025-10-17 17:09:16.616709
1410,180.3986154822094,2025-10-17 17:09:16.616709
1411,174.25907073244088,2025-10-17 17:09:16.616709
1412,159.64198554249532,2025-10-17 17:09:16.616710
1413,160.86554683613593,2025-10-17 17:09:16.616710
1414,167.18707317289378,2025-10-17 17:09:16.616711
1415,166.73943373918394,2025-10-17 17:09:16.616711
1416,168.59000929755987,2025-10-17 17:09:16.616711
1417,162.46409048324827,2025-10-17 17:09:16.616712
1418,143.16416327183995,2025-10-17 17:09:16.616712
1419,142.44074460584233,2025-10-17 17:09:16.616712
1420,164.2187658937091,2025-10-17 17:09:16.616713
1610,137.47976180635666,2025-10-17 17:09:16.616713
1611,122.67848469791336,2025-10-17 17:09:16.616713
1612,86.74088916528358,2025-10-17 17:09:16.616714
1613,78.19755421740844,2025-10-17 17:09:16.616714
1614,78.21995532054356,2025-10-17 17:09:16.616714
1615,93.93083840881872,2025-10-17 17:09:16.616715
1616,114.20542780292304,2025-10-17 17:09:16.616715
1617,106.89928358431418,2025-10-17 17:09:16.616715
1618,102.10600305264846,2025-10-17 17:09:16.616720
1619,78.32179381036478,2025-10-17 17:09:16.616720
1620,76.46895263411413,2025-10-17 17:09:16.616721
1621,82.11942880988907,2025-10-17 17:09:16.616721
1622,78.58305937678517,2025-10-17 17:09:16.616721
1623,71.58598876089746,2025-10-17 17:09:16.616722
1624,72.68844930551617,2025-10-17 17:09:16.616722
1625,62.17723059399661,2025-10-17 17:09:16.616723
1626,56.75671985060031,2025-10-17 17:09:16.616723
1627,68.23417252829593,2025-10-17 17:09:16.616723
1628,81.70751323575459,2025-10-17 17:09:16.616724
1629,92.08858370852704,2025-10-17 17:09:16.616724
1630,92.88056335996218,2025-10-17 17:09:16.616724
1631,74.38350627868708,2025-10-17 17:09:16.616725
1632,61.422528336445204,2025-10-17 17:09:16.616728
1633,68.74680120710627,2025-10-17 17:09:16.616728
1634,157.08652286734832,2025-10-17 17:09:16.616729
1635,161.55014971670064,2025-10-17 17:09:16.616729
1636,175.5915961654536,2025-10-17 17:09:16.616729
1637,173.26033501380113,2025-10-17 17:09:16.616729
1638,178.6374315817328,2025-10-17 17:09:16.616730
1639,167.5154508059896,2025-10-17 17:09:16.616730
1640,156.1964546617794,2025-10-17 17:09:16.616730
1641,149.69041537263064,2025-10-17 17:09:16.616731
1642,142.72200161979538,2025-10-17 17:09:16.616731
1643,141.51662591966618,2025-10-17 17:09:16.616731
1644,135.90695428270448,2025-10-17 17:09:16.616732
1645,148.68537889764033,2025-10-17 17:09:16.616732
1646,157.3668889773057,2025-10-17 17:09:16.616732
1647,179.3326818146203,2025-10-17 17:09:16.616733
1648,174.57204922243457,2025-10-17 17:09:16.616733
1649,160.92636452110042,2025-10-17 17:09:16.616733
1650,149.06085713068464,2025-10-17 17:09:16.616734
1651,146.34356159122373,2025-10-17 17:09:16.616734
1652,143.20903486466193,2025-10-17 17:09:16.616734
1653,135.32031345423533,2025-10-17 17:09:16.616735
1921,175.62521036872113,2025-10-17 17:09:16.616735
1922,173.6639457332089,2025-10-17 17:09:16.616735
1923,164.02617914983628,2025-10-17 17:09:16.616735
1924,136.02578098687593,2025-10-17 17:09:16.616736
1925,113.23926306498268,2025-10-17 17:09:16.616736
1926,107.10204753544907,2025-10-17 17:09:16.616736
1927,104.24127189325081,2025-10-17 17:09:16.616737
1928,95.93206227004958,2025-10-17 17:09:16.616737
1929,89.47552964565796,2025-10-17 17:09:16.616737
1930,95.47118850276988,2025-10-17 17:09:16.616738
1931,95.5803565461108,2025-10-17 17:09:16.616738
1932,110.61153394034419,2025-10-17 17:09:16.616738
1933,126.05640301273226,2025-10-17 17:09:16.616739
1934,151.95660721615886,2025-10-17 17:09:16.616739
1935,150.71990448277836,2025-10-17 17:09:16.616739
1936,149.79533270048245,2025-10-17 17:09:16.616740
1937,126.9484415804908,2025-10-17 17:09:16.616740
1938,123.40206770546004,2025-10-17 17:09:16.616740
1939,123.1630072417538,2025-10-17 17:09:16.616741
1940,158.13637676403224,2025-10-17 17:09:16.616741
1941,162.62125639509696,2025-10-17 17:09:16.616741
1942,167.15364508236308,2025-10-17 17:09:16.616742
1943,165.2390655475084,2025-10-17 17:09:16.616742
1944,139.8999516440771,2025-10-17 17:09:16.616742
1951,130.4277044068813,2025-10-17 17:09:16.616743
1952,140.34222216451474,2025-10-17 17:09:16.616743
1953,135.81048731398045,2025-10-17 17:09:16.616743
1954,124.00573482287928,2025-10-17 17:09:16.616744
1955,123.0527607651836,2025-10-17 17:09:16.616744
1956,116.68938253759529,2025-10-17 17:09:16.616744
1957,105.73124767122991,2025-10-17 17:09:16.616745
1958,104.74813688752383,2025-10-17 17:09:16.616745
1959,106.07796838198414,2025-10-17 17:09:16.616745
1960,100.26795924190488,2025-10-17 17:09:16.616745
1961,106.27233510288976,2025-10-17 17:09:16.616746
1962,108.53889476673044,2025-10-17 17:09:16.616746
1963,120.1346167964015,2025-10-17 17:09:16.616746
1964,121.24732741744342,2025-10-17 17:09:16.616747
1965,127.28269081917392,2025-10-17 17:09:16.616747
1966,124.76602177884104,2025-10-17 17:09:16.616747
1967,117.90910772614768,2025-10-17 17:09:16.616748
1968,108.4521424130769,2025-10-17 17:09:16.616748
1969,108.88116681616343,2025-10-17 17:09:16.616748
1970,89.7189748701773,2025-10-17 17:09:16.616749
1971,90.2777497985849,2025-10-17 17:09:16.616749
1972,75.9329232554829,2025-10-17 17:09:16.616749
1973,81.21137596237664,2025-10-17 17:09:16.616750
1974,82.76342147747698,2025-10-17 17:09:16.616750
2091,136.97297867675863,2025-10-17 17:09:16.616750
2092,158.89278787966327,2025-10-17 17:09:16.616751
2093,182.98950667745,2025-10-17 17:09:16.616751
2094,217.84919264025118,2025-10-17 17:09:16.616751
2095,168.43853005190942,2025-10-17 17:09:16.616752
2096,137.81897254399112,2025-10-17 17:09:16.616752
2097,105.21170065538821,2025-10-17 17:09:16.616752
2098,111.42286428095831,2025-10-17 17:09:16.616752
2099,112.27598058292467,2025-10-17 17:09:16.616753
2100,104.08895693888974,2025-10-17 17:09:16.616753
2101,108.47724739519303,2025-10-17 17:09:16.616753
2102,106.27427317429424,2025-10-17 17:09:16.616754
2103,107.09263111059335,2025-10-17 17:09:16.616754
2104,126.42547898249255,2025-10-17 17:09:16.616754
2105,156.7794974048076,2025-10-17 17:09:16.616755
2106,122.87678911284803,2025-10-17 17:09:16.616755
2107,106.38941194327475,2025-10-17 17:09:16.616755
2108,66.37887862802314,2025-10-17 17:09:16.616756
2109,58.39805047797432,2025-10-17 17:09:16.616756
2110,78.06731305376307,2025-10-17 17:09:16.616756
2111,110.71650727967273,2025-10-17 17:09:16.616757
2112,120.63209164208583,2025-10-17 17:09:16.616757
2113,117.72841626413359,2025-10-17 17:09:16.616757
2114,69.71569824340587,2025-10-17 17:09:16.616758
2234,165.69060386785287,2025-10-17 17:09:16.616758
2235,159.17205709817253,2025-10-17 17:09:16.616758
2236,119.35670096842567,2025-10-17 17:09:16.616759
2237,119.56005732102923,2025-10-17 17:09:16.616759
2238,94.94801808316487,2025-10-17 17:09:16.616759
2239,85.90337322631599,2025-10-17 17:09:16.616759
2240,108.73776322545345,2025-10-17 17:09:16.616760
2241,112.06513906238608,2025-10-17 17:09:16.616760
2242,116.15415987663188,2025-10-17 17:09:16.616760
2243,107.38873177969582,2025-10-17 17:09:16.616761
2244,127.78996435680318,2025-10-17 17:09:16.616761
2245,123.42131944155605,2025-10-17 17:09:16.616761
2246,131.01980425346528,2025-10-17 17:09:16.616762
2247,121.59290934772581,2025-10-17 17:09:16.616762
2248,125.18888501864718,2025-10-17 17:09:16.616762
2249,133.89403766369304,2025-10-17 17:09:16.616763
2250,119.79579090129131,2025-10-17 17:09:16.616763
2251,109.08682077192353,2025-10-17 17:09:16.616763
2252,105.4357428886784,2025-10-17 17:09:16.616764
2253,101.1285385903389,2025-10-17 17:09:16.616764
2254,94.83602173952227,2025-10-17 17:09:16.616764
2255,79.08545696844259,2025-10-17 17:09:16.616765
2256,82.36287588169881,2025-10-17 17:09:16.616765
2257,117.90995296075127,2025-10-17 17:09:16.616765
2356,225.7799402534156,2025-10-17 17:09:16.616765
2357,211.7186599827047,2025-10-17 17:09:16.616766
2358,206.52619040024334,2025-10-17 17:09:16.616766
2359,221.2303263641442,2025-10-17 17:09:16.616767
2360,227.15833891765618,2025-10-17 17:09:16.616767
2361,210.95663528210167,2025-10-17 17:09:16.616767
2362,204.15125611436815,2025-10-17 17:09:16.616767
2363,171.2165872566353,2025-10-17 17:09:16.616768
2364,160.07051138922358,2025-10-17 17:09:16.616768
2365,161.64994314941111,2025-10-17 17:09:16.616769
2366,152.19240393770986,2025-10-17 17:09:16.616769
2367,174.66382865744214,2025-10-17 17:09:16.616769
2368,220.9511113596175,2025-10-17 17:09:16.616770
2369,245.22243801358647,2025-10-17 17:09:16.616770
2370,260.4157124035849,2025-10-17 17:09:16.616770
2371,250.99795260042632,2025-10-17 17:09:16.616771
2372,244.8938199741077,2025-10-17 17:09:16.616771
2373,247.50667623905184,2025-10-17 17:09:16.616771
2374,242.06383418602445,2025-10-17 17:09:16.616772
2375,240.20648274248018,2025-10-17 17:09:16.616772
2376,203.2711469453906,2025-10-17 17:09:16.616772
2377,154.46123644018135,2025-10-17 17:09:16.616773
2378,154.307517732189,2025-10-17 17:09:16.616773
2379,137.78898328926348,2025-10-17 17:09:16.616773
2406,160.37087009121657,2025-10-17 17:09:16.616774
2407,167.98063822609944,2025-10-17 17:09:16.616774
2408,159.77402003023815,2025-10-17 17:09:16.616780
2409,162.39902197211788,2025-10-17 17:09:16.616781
2410,158.178710889806,2025-10-17 17:09:16.616781
2411,156.4449524410446,2025-10-17 17:09:16.616781
2412,152.0042030387268,2025-10-17 17:09:16.616782
2413,138.04519125787613,2025-10-17 17:09:16.616782
2414,108.37304289132786,2025-10-17 17:09:16.616782
2415,106.0598005881327,2025-10-17 17:09:16.616783
2416,111.11273101440344,2025-10-17 17:09:16.616783
2417,102.78088114986187,2025-10-17 17:09:16.616783
2418,85.93477649469388,2025-10-17 17:09:16.616784
2419,86.91251331341417,2025-10-17 17:09:16.616784
2420,86.14542898287257,2025-10-17 17:09:16.616784
2421,82.82522976921807,2025-10-17 17:09:16.616785
2422,104.96190130878838,2025-10-17 17:09:16.616785
2423,72.66399739152669,2025-10-17 17:09:16.616786
2424,67.61966438668075,2025-10-17 17:09:16.616786
2425,61.85757338990502,2025-10-17 17:09:16.616789
2426,60.09928256676092,2025-10-17 17:09:16.616789
2427,61.30618350961086,2025-10-17 17:09:16.616790
2428,72.6321799482653,2025-10-17 17:09:16.616790
2429,85.60502785435756,2025-10-17 17:09:16.616790
2655,106.19428030738895,2025-10-17 17:09:16.616790
2656,125.98447524806598,2025-10-17 17:09:16.616791
2657,105.18389068125819,2025-10-17 17:09:16.616791
2658,113.36348594216442,2025-10-17 17:09:16.616791
2659,121.91706578388377,2025-10-17 17:09:16.616792
2660,162.95235981050863,2025-10-17 17:09:16.616792
2661,173.96891739495345,2025-10-17 17:09:16.616792
2662,174.78671960536755,2025-10-17 17:09:16.616793
2663,173.59313141034224,2025-10-17 17:09:16.616793
2664,174.97403767194314,2025-10-17 17:09:16.616793
2665,178.7196209107542,2025-10-17 17:09:16.616794
2666,180.80471574763638,2025-10-17 17:09:16.616794
2667,181.47094861254223,2025-10-17 17:09:16.616794
2668,182.77318835140377,2025-10-17 17:09:16.616795
2669,169.98861858672385,2025-10-17 17:09:16.616795
2670,164.70255916562735,2025-10-17 17:09:16.616795
2671,197.85022940662907,2025-10-17 17:09:16.616796
2672,200.10946465448566,2025-10-17 17:09:16.616796
2673,179.05091114880818,2025-10-17 17:09:16.616796
2674,159.60007492681282,2025-10-17 17:09:16.616796
2675,174.61793654418514,2025-10-17 17:09:16.616797
2676,146.02186766210116,2025-10-17 17:09:16.616797
2677,137.10546019730674,2025-10-17 17:09:16.616797
2678,112.08453515356011,2025-10-17 17:09:16.616798
2735,159.379626783974,2025-10-17 17:09:16.616798
2736,162.37808376307558,2025-10-17 17:09:16.616798
2737,165.4331340988262,2025-10-17 17:09:16.616799
2738,160.17677212913338,2025-10-17 17:09:16.616799
2739,159.99062795858538,2025-10-17 17:09:16.616799
2740,157.55046942111287,2025-10-17 17:09:16.616800
2741,157.80043554204485,2025-10-17 17:09:16.616800
2742,162.49968769955532,2025-10-17 17:09:16.616800
2743,165.53146010927895,2025-10-17 17:09:16.616801
2744,158.9561076184992,2025-10-17 17:09:16.616801
2745,145.99409035826693,2025-10-17 17:09:16.616801
2746,120.21443110235415,2025-10-17 17:09:16.616802
2747,151.65970753563874,2025-10-17 17:09:16.616802
2748,139.96071272994004,2025-10-17 17:09:16.616802
2749,136.33773868796243,2025-10-17 17:09:16.616802
2750,126.61085150482845,2025-10-17 17:09:16.616803
2751,140.27538068611423,2025-10-17 17:09:16.616803
2752,131.2260259863545,2025-10-17 17:09:16.616803
2753,135.65944025663217,2025-10-17 17:09:16.616804
2754,128.04762934361003,2025-10-17 17:09:16.616804
2755,144.0917815040117,2025-10-17 17:09:16.616804
2756,145.6815208021267,2025-10-17 17:09:16.616805
2757,116.10397434656532,2025-10-17 17:09:16.616805
2758,134.9952209605099,2025-10-17 17:09:16.616805
2808,111.11140258690781,2025-10-17 17:09:16.616806
2809,97.21044335513021,2025-10-17 17:09:16.616806
2810,101.08694044284691,2025-10-17 17:09:16.616806
2811,148.23836748014313,2025-10-17 17:09:16.616807
2812,144.53132422820724,2025-10-17 17:09:16.616807
2813,117.22155295267993,2025-10-17 17:09:16.616807
2814,114.25807945921687,2025-10-17 17:09:16.616807
2815,114.2922356465939,2025-10-17 17:09:16.616808
2816,116.09454111098754,2025-10-17 17:09:16.616808
2817,105.42661281364575,2025-10-17 17:09:16.616808
2818,96.22195912050927,2025-10-17 17:09:16.616809
2819,67.88254446197436,2025-10-17 17:09:16.616809
2820,63.8711620007963,2025-10-17 17:09:16.616809
2821,75.87680162770978,2025-10-17 17:09:16.616810
2822,75.48641768721717,2025-10-17 17:09:16.616810
2823,69.46996743158195,2025-10-17 17:09:16.616810
2824,58.88743520673948,2025-10-17 17:09:16.616811
2825,58.97341532585535,2025-10-17 17:09:16.616811
2826,60.75571136688845,2025-10-17 17:09:16.616811
2827,61.84433020012372,2025-10-17 17:09:16.616812
2828,76.07105181690561,2025-10-17 17:09:16.616812
2829,59.90131692103427,2025-10-17 17:09:16.616812
2830,73.03687774099375,2025-10-17 17:09:16.616813
2831,69.16396921701015,2025-10-17 17:09:16.616813
2835,93.1642608510658,2025-10-17 17:09:16.616813
2836,77.15389398695136,2025-10-17 17:09:16.616814
2837,71.60464988683916,2025-10-17 17:09:16.616814
2838,71.55501018747196,2025-10-17 17:09:16.616814
2839,73.19098832402788,2025-10-17 17:09:16.616814
2840,75.0415747433622,2025-10-17 17:09:16.616815
2841,74.50660879352932,2025-10-17 17:09:16.616815
2842,63.57364992066608,2025-10-17 17:09:16.616815
2843,62.75368444789525,2025-10-17 17:09:16.616816
2844,69.22531399861425,2025-10-17 17:09:16.616816
2845,59.562525196668446,2025-10-17 17:09:16.616816
2846,60.28618521881149,2025-10-17 17:09:16.616817
2847,55.997499457144755,2025-10-17 17:09:16.616817
2848,53.12823595745074,2025-10-17 17:09:16.616817
2849,44.52010035941829,2025-10-17 17:09:16.616818
2850,49.835376587730075,2025-10-17 17:09:16.616818
2851,49.96800733011502,2025-10-17 17:09:16.616818
2852,50.85406020323951,2025-10-17 17:09:16.616819
2853,53.1797910847587,2025-10-17 17:09:16.616819
2854,58.27572691615241,2025-10-17 17:09:16.616819
2855,70.3266569460573,2025-10-17 17:09:16.616820
2856,67.88377858712943,2025-10-17 17:09:16.616820
2857,66.33952313485777,2025-10-17 17:09:16.616820
2858,52.02939903085977,2025-10-17 17:09:16.616821
2995,122.22954800624792,2025-10-17 17:09:16.616821
2996,122.40515796618799,2025-10-17 17:09:16.616821
2997,121.91081156125925,2025-10-17 17:09:16.616821
2998,150.20370005994198,2025-10-17 17:09:16.616822
2999,160.91577397961188,2025-10-17 17:09:16.616822
3000,166.17527860073082,2025-10-17 17:09:16.616822
3001,151.8710139146484,2025-10-17 17:09:16.616823
3002,157.8596167884611,2025-10-17 17:09:16.616823
3003,149.06664249339082,2025-10-17 17:09:16.616823
3004,152.72688487626056,2025-10-17 17:09:16.616824
3005,149.12367716699373,2025-10-17 17:09:16.616824
3006,141.68171146769816,2025-10-17 17:09:16.616824
3007,155.38856056647367,2025-10-17 17:09:16.616825
3008,164.2609287957468,2025-10-17 17:09:16.616825
3009,163.92225655404636,2025-10-17 17:09:16.616825
3010,169.12242867510324,2025-10-17 17:09:16.616826
3011,143.0367666675368,2025-10-17 17:09:16.616826
3012,139.18724317827332,2025-10-17 17:09:16.616826
3013,124.94836741752034,2025-10-17 17:09:16.616827
3014,129.02445852122392,2025-10-17 17:09:16.616827
3015,130.8658771558729,2025-10-17 17:09:16.616827
3016,140.30963532521955,2025-10-17 17:09:16.616828
3017,147.1959236486114,2025-10-17 17:09:16.616828
3018,139.3752828453585,2025-10-17 17:09:16.616828
3169,65.27039322640829,2025-10-17 17:09:16.616829
3170,63.721293280759305,2025-10-17 17:09:16.616829
3171,71.6925357295125,2025-10-17 17:09:16.616833
3172,82.20171076035248,2025-10-17 17:09:16.616833
3173,88.53846024319657,2025-10-17 17:09:16.616834
3174,89.26194849157436,2025-10-17 17:09:16.616834
3175,79.28104982468139,2025-10-17 17:09:16.616834
3176,80.59331478848885,2025-10-17 17:09:16.616835
3177,65.28874497203778,2025-10-17 17:09:16.616835
3178,61.61656143021018,2025-10-17 17:09:16.616835
3179,69.66139057885692,2025-10-17 17:09:16.616836
3180,69.98296084184669,2025-10-17 17:09:16.616836
3181,59.542563710934665,2025-10-17 17:09:16.616836
3182,56.13513557010962,2025-10-17 17:09:16.616837
3183,52.583821643067765,2025-10-17 17:09:16.616837
3184,52.00271829437027,2025-10-17 17:09:16.616837
3185,50.306313194429706,2025-10-17 17:09:16.616838
3186,50.27442077716795,2025-10-17 17:09:16.616838
3187,50.27442077716795,2025-10-17 17:09:16.616838
3188,50.525052434867746,2025-10-17 17:09:16.616839
3189,52.27187247942157,2025-10-17 17:09:16.616839
3190,56.347647736102985,2025-10-17 17:09:16.616839
3191,61.36828182314958,2025-10-17 17:09:16.616839
3192,70.31827733835365,2025-10-17 17:09:16.616840
3308,254.53183336396674,2025-10-17 17:09:16.616840
3309,267.6475727696751,2025-10-17 17:09:16.616840
3310,263.61329459209287,2025-10-17 17:09:16.616841
3311,231.565042735845,2025-10-17 17:09:16.616841
3312,251.7238719787894,2025-10-17 17:09:16.616841
3313,260.4148835778998,2025-10-17 17:09:16.616842
3314,236.0104399436296,2025-10-17 17:09:16.616842
3315,190.896457660553,2025-10-17 17:09:16.616842
3316,153.4968631317262,2025-10-17 17:09:16.616843
3317,165.70196592446152,2025-10-17 17:09:16.616843
3318,160.87616702604362,2025-10-17 17:09:16.616843
3319,162.16303830886443,2025-10-17 17:09:16.616843
3320,171.17302326343506,2025-10-17 17:09:16.616844
3321,179.7313585876649,2025-10-17 17:09:16.616844
3322,186.80927974819835,2025-10-17 17:09:16.616844
3323,186.36906798669693,2025-10-17 17:09:16.616845
3324,181.06178293243659,2025-10-17 17:09:16.616845
3325,167.42567606592965,2025-10-17 17:09:16.616845
3326,143.69179057160903,2025-10-17 17:09:16.616846
3327,150.42348304719727,2025-10-17 17:09:16.616846
3328,129.20313718737222,2025-10-17 17:09:16.616846
3329,123.30291390017126,2025-10-17 17:09:16.616847
3330,119.29607366820147,2025-10-17 17:09:16.616847
3331,147.98565075110744,2025-10-17 17:09:16.616847
3332,119.88147956404062,2025-10-17 17:09:16.616848
3333,103.18496567995983,2025-10-17 17:09:16.616848
3334,104.75354179325998,2025-10-17 17:09:16.616848
3335,99.37851944794265,2025-10-17 17:09:16.616849
3336,99.13120345443639,2025-10-17 17:09:16.616849
3337,75.83363956242367,2025-10-17 17:09:16.616849
3338,86.06420904408208,2025-10-17 17:09:16.616850
3339,88.28776797757293,2025-10-17 17:09:16.616850
3425,70.92190062518348,2025-10-17 17:09:16.616850
3426,97.94951274320321,2025-10-17 17:09:16.616850
3427,111.20440800381513,2025-10-17 17:09:16.616851
3428,110.34526959486053,2025-10-17 17:09:16.616851
3429,106.91642305536354,2025-10-17 17:09:16.616851
3430,96.25678205554759,2025-10-17 17:09:16.616852
3431,115.01725471103627,2025-10-17 17:09:16.616852
3432,91.32931532872857,2025-10-17 17:09:16.616852
3433,87.09095903997364,2025-10-17 17:09:16.616853
3434,86.53095446872429,2025-10-17 17:09:16.616853
3435,88.71933641505423,2025-10-17 17:09:16.616853
3436,75.75341005277872,2025-10-17 17:09:16.616854
3437,74.30615424063193,2025-10-17 17:09:16.616854
3438,73.55505011084652,2025-10-17 17:09:16.616854
3439,76.67506515994843,2025-10-17 17:09:16.616855
3440,72.43814652160852,2025-10-17 17:09:16.616855
3441,67.55679849291045,2025-10-17 17:09:16.616855
3442,77.02587493333766,2025-10-17 17:09:16.616856
3443,95.66759762114803,2025-10-17 17:09:16.616856
3444,90.07784121354861,2025-10-17 17:09:16.616856
3445,90.56870044213754,2025-10-17 17:09:16.616856
3446,89.31618219296368,2025-10-17 17:09:16.616857
3447,88.99849243387757,2025-10-17 17:09:16.616857
3448,95.41464332270765,2025-10-17 17:09:16.616857
3489,99.43846305141052,2025-10-17 17:09:16.616858
3490,144.79464811519165,2025-10-17 17:09:16.616858
3491,132.40210805587134,2025-10-17 17:09:16.616858
3492,151.14584479351672,2025-10-17 17:09:16.616859
3493,157.64132366747765,2025-10-17 17:09:16.616859
3494,153.34385918487877,2025-10-17 17:09:16.616859
3495,128.40804909995984,2025-10-17 17:09:16.616860
3496,122.06203331543047,2025-10-17 17:09:16.616860
3497,121.03516616001919,2025-10-17 17:09:16.616860
3498,118.74288052626241,2025-10-17 17:09:16.616861
3499,75.99622215122442,2025-10-17 17:09:16.616861
3500,81.26788770819913,2025-10-17 17:09:16.616861
3501,63.22432793105954,2025-10-17 17:09:16.616862
3502,66.63043275170094,2025-10-17 17:09:16.616862
3503,66.58993460068206,2025-10-17 17:09:16.616862
3504,66.11365480621198,2025-10-17 17:09:16.616863
3505,78.11422976115344,2025-10-17 17:09:16.616863
3506,81.79930593452448,2025-10-17 17:09:16.616863
3507,86.46365953212253,2025-10-17 17:09:16.616864
3508,76.97400736526463,2025-10-17 17:09:16.616864
3509,65.0690490437565,2025-10-17 17:09:16.616864
3510,71.2319291481283,2025-10-17 17:09:16.616864
3511,55.75751465416747,2025-10-17 17:09:16.616865
3512,56.13439178242172,2025-10-17 17:09:16.616865
3560,146.81333745526769,2025-10-17 17:09:16.616865
3561,135.91380986507508,2025-10-17 17:09:16.616866
3562,127.56384062560804,2025-10-17 17:09:16.616866
3563,125.41140738230521,2025-10-17 17:09:16.616866
3564,120.67581685339405,2025-10-17 17:09:16.616867
3565,145.23689261237976,2025-10-17 17:09:16.616867
3566,168.21605544380276,2025-10-17 17:09:16.616867
3567,156.19884697187538,2025-10-17 17:09:16.616868
3568,161.45505243762182,2025-10-17 17:09:16.616868
3569,150.4906238222151,2025-10-17 17:09:16.616868
3570,140.60488471449432,2025-10-17 17:09:16.616869
3571,149.09465635649738,2025-10-17 17:09:16.616869
3572,154.1170018796689,2025-10-17 17:09:16.616869
3573,157.54867397571022,2025-10-17 17:09:16.616870
3574,146.08029617006173,2025-10-17 17:09:16.616870
3575,128.9323770937324,2025-10-17 17:09:16.616870
3576,102.09368372547917,2025-10-17 17:09:16.616871
3577,80.98789393490846,2025-10-17 17:09:16.616871
3578,85.11423890663292,2025-10-17 17:09:16.616871
3579,114.56465373012124,2025-10-17 17:09:16.616871
3580,113.71489221202829,2025-10-17 17:09:16.616872
3581,111.66887717107782,2025-10-17 17:09:16.616872
3582,105.7958952055686,2025-10-17 17:09:16.616872
3583,105.67398371445329,2025-10-17 17:09:16.616873
3657,109.95095216389234,2025-10-17 17:09:16.616873
3658,103.38506717071677,2025-10-17 17:09:16.616879
3659,109.23845690486662,2025-10-17 17:09:16.616879
3660,111.74926339605537,2025-10-17 17:09:16.616880
3661,117.0375450693451,2025-10-17 17:09:16.616880
3662,114.93150175960231,2025-10-17 17:09:16.616880
3663,98.61678465489284,2025-10-17 17:09:16.616881
3664,113.09621938892697,2025-10-17 17:09:16.616881
3665,134.83316963109354,2025-10-17 17:09:16.616881
3666,118.39026956431343,2025-10-17 17:09:16.616882
3667,82.65896110230365,2025-10-17 17:09:16.616882
3668,48.190222030471574,2025-10-17 17:09:16.616882
3669,54.658840944752576,2025-10-17 17:09:16.616883
3670,73.34531040611182,2025-10-17 17:09:16.616883
3671,74.61957446640398,2025-10-17 17:09:16.616883
3672,71.0627716279114,2025-10-17 17:09:16.616883
3673,84.01452161989783,2025-10-17 17:09:16.616884
3674,91.98004185019526,2025-10-17 17:09:16.616884
3675,78.59004754199273,2025-10-17 17:09:16.616884
3676,81.26974902698639,2025-10-17 17:09:16.616885
3677,85.65260382922699,2025-10-17 17:09:16.616885
3678,72.69441405316957,2025-10-17 17:09:16.616885
3679,60.889593990494575,2025-10-17 17:09:16.616886
3680,65.50336097280304,2025-10-17 17:09:16.616886
3681,134.5273577942221,2025-10-17 17:09:16.616886
3682,107.38158758969789,2025-10-17 17:09:16.616887
3683,107.65436129141071,2025-10-17 17:09:16.616887
3684,104.39354296756386,2025-10-17 17:09:16.616887
3685,107.3021533429867,2025-10-17 17:09:16.616888
3686,114.57461157398126,2025-10-17 17:09:16.616888
3687,105.06215506477943,2025-10-17 17:09:16.616888
3688,104.29845711672203,2025-10-17 17:09:16.616889
3689,91.55621988575676,2025-10-17 17:09:16.616889
3690,78.87637249979262,2025-10-17 17:09:16.616889
3691,75.49222247628443,2025-10-17 17:09:16.616889
3692,79.53685555768314,2025-10-17 17:09:16.616890
3693,83.09359414067279,2025-10-17 17:09:16.616890
3694,76.6423643517659,2025-10-17 17:09:16.616890
3695,72.4283775996295,2025-10-17 17:09:16.616891
3696,78.27612990889652,2025-10-17 17:09:16.616891
3697,76.60461304759723,2025-10-17 17:09:16.616891
3698,76.6194120210138,2025-10-17 17:09:16.616892
3699,92.03768699830289,2025-10-17 17:09:16.616892
3700,87.05651177107704,2025-10-17 17:09:16.616892
3701,88.15240166888081,2025-10-17 17:09:16.616893
3702,87.6925824010119,2025-10-17 17:09:16.616893
3703,105.92030214953964,2025-10-17 17:09:16.616893
3785,218.76798527253547,2025-10-17 17:09:16.616894
3786,267.5500533908245,2025-10-17 17:09:16.616894
3787,273.5430553113371,2025-10-17 17:09:16.616894
3788,267.25139635820835,2025-10-17 17:09:16.616894
3789,247.11567945696743,2025-10-17 17:09:16.616895
3790,211.7800500505513,2025-10-17 17:09:16.616895
3791,197.2610306421146,2025-10-17 17:09:16.616895
3792,187.3151976013643,2025-10-17 17:09:16.616896
3793,189.1272843567699,2025-10-17 17:09:16.616896
3794,205.132744834629,2025-10-17 17:09:16.616896
3795,205.85429791510498,2025-10-17 17:09:16.616897
3796,217.82975571936777,2025-10-17 17:09:16.616897
3797,263.11994516564266,2025-10-17 17:09:16.616897
3798,265.52773570338525,2025-10-17 17:09:16.616898
3799,229.99882063567063,2025-10-17 17:09:16.616898
3800,227.42951458036714,2025-10-17 17:09:16.616898
3801,223.5862423334619,2025-10-17 17:09:16.616904
3802,218.79642246479867,2025-10-17 17:09:16.616905
3803,212.14317440936273,2025-10-17 17:09:16.616905
3804,179.52558343678754,2025-10-17 17:09:16.616905
3805,216.61056062667407,2025-10-17 17:09:16.616906
3806,215.53850305968405,2025-10-17 17:09:16.616906
3807,213.78771579024885,2025-10-17 17:09:16.616906
3808,207.94204871415994,2025-10-17 17:09:16.616907
3817,92.60587224962887,2025-10-17 17:09:16.616907
3818,100.36806093999722,2025-10-17 17:09:16.616907
3819,112.48965233635506,2025-10-17 17:09:16.616908
3820,160.37571942423503,2025-10-17 17:09:16.616908
3821,174.51654026770262,2025-10-17 17:09:16.616908
3822,192.18314460751765,2025-10-17 17:09:16.616909
3823,241.27422832095957,2025-10-17 17:09:16.616909
3824,261.40682311493265,2025-10-17 17:09:16.616909
3825,197.55716707947278,2025-10-17 17:09:16.616910
3826,158.49363175215632,2025-10-17 17:09:16.616910
3827,119.59683476611312,2025-10-17 17:09:16.616910
3828,88.77860421130296,2025-10-17 17:09:16.616911
3829,75.0398686854436,2025-10-17 17:09:16.616911
3830,76.93474180110573,2025-10-17 17:09:16.616911
3831,69.41083280483215,2025-10-17 17:09:16.616912
3832,96.98096185229858,2025-10-17 17:09:16.616912
3833,125.28585774125095,2025-10-17 17:09:16.616912
3834,122.94765928375693,2025-10-17 17:09:16.616913
3835,77.31038355810679,2025-10-17 17:09:16.616913
3836,128.01475350106065,2025-10-17 17:09:16.616913
3837,129.3563184016041,2025-10-17 17:09:16.616913
3838,127.20799791673589,2025-10-17 17:09:16.616914
3839,127.70355330612995,2025-10-17 17:09:16.616914
3840,127.70355330612995,2025-10-17 17:09:16.616914
3882,97.33915449590816,2025-10-17 17:09:16.616915
3883,99.61066090359407,2025-10-17 17:09:16.616915
3884,86.09036471613997,2025-10-17 17:09:16.616915
3885,97.36886680879864,2025-10-17 17:09:16.616916
3886,104.10290735035225,2025-10-17 17:09:16.616916
3887,96.13462572998995,2025-10-17 17:09:16.616916
3888,103.39881679306144,2025-10-17 17:09:16.616917
3889,106.81698674001224,2025-10-17 17:09:16.616917
3890,114.09544721796433,2025-10-17 17:09:16.616917
3891,116.66323682977674,2025-10-17 17:09:16.616918
3892,116.48940399666661,2025-10-17 17:09:16.616918
3893,115.04651275488975,2025-10-17 17:09:16.616918
3894,77.3090022937,2025-10-17 17:09:16.616919
3895,69.325198753978,2025-10-17 17:09:16.616919
3896,69.46697945978438,2025-10-17 17:09:16.616919
3897,67.52365551784881,2025-10-17 17:09:16.616920
3898,52.85505807565647,2025-10-17 17:09:16.616920
3899,54.79553414957611,2025-10-17 17:09:16.616920
3900,47.130333913472526,2025-10-17 17:09:16.616921
3901,56.765958936445784,2025-10-17 17:09:16.616921
3902,69.10172767216268,2025-10-17 17:09:16.616921
3903,70.63747712516478,2025-10-17 17:09:16.616922
3904,70.4442063197578,2025-10-17 17:09:16.616922
3905,67.72551349960129,2025-10-17 17:09:16.616922
3927,144.97722469839135,2025-10-17 17:09:16.616923
3928,142.70512966892494,2025-10-17 17:09:16.616923
3929,126.34932099091849,2025-10-17 17:09:16.616923
3930,123.58489548958264,2025-10-17 17:09:16.616923
3931,122.38165427340905,2025-10-17 17:09:16.616924
3932,132.01440435480222,2025-10-17 17:09:16.616924
3933,137.84217239946247,2025-10-17 17:09:16.616924
3934,146.55934776487283,2025-10-17 17:09:16.616925
3935,130.36073803547595,2025-10-17 17:09:16.616925
3936,125.41606199121418,2025-10-17 17:09:16.616932
3937,114.34679042785613,2025-10-17 17:09:16.616932
3938,120.9074119427065,2025-10-17 17:09:16.616933
3939,133.6178959285144,2025-10-17 17:09:16.616933
3940,138.04453612628475,2025-10-17 17:09:16.616933
3941,131.0166160397365,2025-10-17 17:09:16.616934
3942,133.85028141620603,2025-10-17 17:09:16.616934
3943,130.18579355618436,2025-10-17 17:09:16.616934
3944,118.61134049325601,2025-10-17 17:09:16.616934
3945,126.54993580361945,2025-10-17 17:09:16.616935
3946,124.4658597253615,2025-10-17 17:09:16.616935
3947,114.79449898439074,2025-10-17 17:09:16.616935
3948,109.83762818946677,2025-10-17 17:09:16.616936
3949,111.75765701396541,2025-10-17 17:09:16.616936
3950,118.4515002149203,2025-10-17 17:09:16.616936
3951,123.85253799563972,2025-10-17 17:09:16.616937
3952,75.7426520745596,2025-10-17 17:09:16.616937
3953,75.9992048671476,2025-10-17 17:09:16.616937
3954,139.37580311265,2025-10-17 17:09:16.616938
3955,108.87261644225076,2025-10-17 17:09:16.616938
3956,98.45998636336262,2025-10-17 17:09:16.616938
3957,86.67199437096586,2025-10-17 17:09:16.616939
3958,96.91095078834147,2025-10-17 17:09:16.616939
3959,90.99993307347572,2025-10-17 17:09:16.616939
3960,97.84974904621028,2025-10-17 17:09:16.616939
3961,105.283295660467,2025-10-17 17:09:16.616940
3962,100.60499147886242,2025-10-17 17:09:16.616940
3963,109.43592987453323,2025-10-17 17:09:16.616940
3964,108.20375893505891,2025-10-17 17:09:16.616941
3965,111.08675779918288,2025-10-17 17:09:16.616941
3966,100.57228858765824,2025-10-17 17:09:16.616941
3967,110.32720488420135,2025-10-17 17:09:16.616942
3968,100.4353316779536,2025-10-17 17:09:16.616942
3969,94.64878319915536,2025-10-17 17:09:16.616942
3970,92.89168261245256,2025-10-17 17:09:16.616943
3971,83.08306451427475,2025-10-17 17:09:16.616943
3972,86.722599143475,2025-10-17 17:09:16.616943
3973,80.78300970103868,2025-10-17 17:09:16.616944
3974,77.09820763346993,2025-10-17 17:09:16.616944
3975,75.59557557504282,2025-10-17 17:09:16.616944
4066,120.93300803942303,2025-10-17 17:09:16.616945
4067,115.27011603865304,2025-10-17 17:09:16.616945
4068,136.9464563246908,2025-10-17 17:09:16.616945
4069,136.57159626730018,2025-10-17 17:09:16.616945
4070,148.83229696002388,2025-10-17 17:09:16.616946
4071,142.10863035336,2025-10-17 17:09:16.616946
4072,128.76234737242143,2025-10-17 17:09:16.616946
4073,120.61119001719426,2025-10-17 17:09:16.616947
4074,118.35158844126963,2025-10-17 17:09:16.616947
4075,129.44402860563437,2025-10-17 17:09:16.616947
4076,137.9853342919266,2025-10-17 17:09:16.616948
4077,170.06633850220263,2025-10-17 17:09:16.616948
4078,194.29282027547046,2025-10-17 17:09:16.616948
4079,191.4557396602116,2025-10-17 17:09:16.616949
4080,156.12630716991478,2025-10-17 17:09:16.616949
4081,153.67512160097058,2025-10-17 17:09:16.616949
4082,164.31194255511505,2025-10-17 17:09:16.616950
4083,171.18926176357223,2025-10-17 17:09:16.616950
4084,133.50492929150565,2025-10-17 17:09:16.616950
4085,144.54178609596568,2025-10-17 17:09:16.616951
4086,134.08090437430613,2025-10-17 17:09:16.616951
4087,142.83905276360554,2025-10-17 17:09:16.616951
4088,138.51979727121923,2025-10-17 17:09:16.616951
4089,142.20002843213123,2025-10-17 17:09:16.616952
4124,53.61286671737078,2025-10-17 17:09:16.616952
4125,67.7659689610245,2025-10-17 17:09:16.616952
4126,68.51697491963174,2025-10-17 17:09:16.616953
4127,69.6095132097704,2025-10-17 17:09:16.616953
4128,59.42285136584805,2025-10-17 17:09:16.616953
4129,87.46121231820695,2025-10-17 17:09:16.616954
4130,104.29185836752079,2025-10-17 17:09:16.616954
4131,106.76577032369056,2025-10-17 17:09:16.616954
4132,103.08936377858802,2025-10-17 17:09:16.616955
4133,103.10489674978238,2025-10-17 17:09:16.616955
4134,101.12566784308582,2025-10-17 17:09:16.616955
4135,59.23729878615058,2025-10-17 17:09:16.616956
4136,60.92783306496135,2025-10-17 17:09:16.616956
4137,72.57785027393476,2025-10-17 17:09:16.616956
4138,71.58451397211333,2025-10-17 17:09:16.616956
4139,71.58451397211333,2025-10-17 17:09:16.616957
4140,80.86243231434837,2025-10-17 17:09:16.616957
4141,80.86243231434837,2025-10-17 17:09:16.616957
4142,81.2627111472939,2025-10-17 17:09:16.616958
4143,70.84204473766847,2025-10-17 17:09:16.616958
4144,66.22196574047861,2025-10-17 17:09:16.616958
4145,66.22196574047861,2025-10-17 17:09:16.616959
4146,47.576192289265855,2025-10-17 17:09:16.616959
4147,41.43734960286813,2025-10-17 17:09:16.616959
4230,152.11742796289514,2025-10-17 17:09:16.616960
4231,162.18673974349085,2025-10-17 17:09:16.616960
4232,177.554382624673,2025-10-17 17:09:16.616960
4233,185.6053687050506,2025-10-17 17:09:16.616961
4234,185.7720250453955,2025-10-17 17:09:16.616961
4235,184.43038132845635,2025-10-17 17:09:16.616961
4236,179.02800951187373,2025-10-17 17:09:16.616962
4237,166.90089786368102,2025-10-17 17:09:16.616962
4238,161.7580259847327,2025-10-17 17:09:16.616962
4239,128.42801358813728,2025-10-17 17:09:16.616962
4240,69.55328958000928,2025-10-17 17:09:16.616963
4241,87.03472024006355,2025-10-17 17:09:16.616963
4242,88.11401176081029,2025-10-17 17:09:16.616963
4243,85.8080293914265,2025-10-17 17:09:16.616964
4244,85.70198670240731,2025-10-17 17:09:16.616964
4245,99.7047194907369,2025-10-17 17:09:16.616965
4246,91.01697946124484,2025-10-17 17:09:16.616965
4247,103.72430024214846,2025-10-17 17:09:16.616965
4248,104.0929682558983,2025-10-17 17:09:16.616965
4249,121.5212262028587,2025-10-17 17:09:16.616966
4250,99.33089045073346,2025-10-17 17:09:16.616966
4251,86.20568253484356,2025-10-17 17:09:16.616966
4252,85.07589418423333,2025-10-17 17:09:16.616967
4253,79.6605812690783,2025-10-17 17:09:16.616967
4316,160.62452824770952,2025-10-17 17:09:16.616967
4317,161.67855081687927,2025-10-17 17:09:16.616968
4318,161.37267637578722,2025-10-17 17:09:16.616968
4319,160.49736426957443,2025-10-17 17:09:16.616968
4320,160.5580964261377,2025-10-17 17:09:16.616969
4321,160.5764214167813,2025-10-17 17:09:16.616969
4322,155.67476770560236,2025-10-17 17:09:16.616969
4323,169.66099173775092,2025-10-17 17:09:16.616970
4324,155.3785232984046,2025-10-17 17:09:16.616970
4325,174.74266483033827,2025-10-17 17:09:16.616970
4326,172.08593836966145,2025-10-17 17:09:16.616971
4327,165.13527164045195,2025-10-17 17:09:16.616971
4328,164.37561591705958,2025-10-17 17:09:16.616971
4329,107.00930198335672,2025-10-17 17:09:16.616971
4330,115.26443500917001,2025-10-17 17:09:16.616972
4331,115.78457762546557,2025-10-17 17:09:16.616974
4332,117.92321243802625,2025-10-17 17:09:16.616974
4333,107.12546218033998,2025-10-17 17:09:16.616975
4334,107.55364122497892,2025-10-17 17:09:16.616975
4335,101.38741879422265,2025-10-17 17:09:16.616975
4336,97.37069565841601,2025-10-17 17:09:16.616976
4337,110.96737294202481,2025-10-17 17:09:16.616976
4338,111.06268553012607,2025-10-17 17:09:16.616976
4339,108.48046076695015,2025-10-17 17:09:16.616977
4340,119.14848732745169,2025-10-17 17:09:16.616977
4341,90.0770941060052,2025-10-17 17:09:16.616977
4342,85.06934887783194,2025-10-17 17:09:16.616978
4343,85.58585803751608,2025-10-17 17:09:16.616978
4344,88.93287018972792,2025-10-17 17:09:16.616978
4345,87.22323758514635,2025-10-17 17:09:16.616978
4515,102.46877422449602,2025-10-17 17:09:16.616979
4516,104.31119599371567,2025-10-17 17:09:16.616979
4517,108.10161091498851,2025-10-17 17:09:16.616979
4518,116.64599953752149,2025-10-17 17:09:16.616980
4519,106.17066192828952,2025-10-17 17:09:16.616980
4520,130.5248395503386,2025-10-17 17:09:16.616980
4521,116.20385014804687,2025-10-17 17:09:16.616981
4522,95.86217664985067,2025-10-17 17:09:16.616981
4523,110.58923006697654,2025-10-17 17:09:16.616981
4524,125.75828278693169,2025-10-17 17:09:16.616982
4525,136.12468164362954,2025-10-17 17:09:16.616982
4526,140.97232869555828,2025-10-17 17:09:16.616982
4527,99.62244232747493,2025-10-17 17:09:16.616983
4528,127.15682859685441,2025-10-17 17:09:16.616983
4529,114.59603916314283,2025-10-17 17:09:16.616983
4530,100.09289253721836,2025-10-17 17:09:16.616983
4531,96.79174948028756,2025-10-17 17:09:16.616984
4532,104.28563610235896,2025-10-17 17:09:16.616984
4533,108.55584996718584,2025-10-17 17:09:16.616984
4534,100.45068461075586,2025-10-17 17:09:16.616985
4535,108.81004977751124,2025-10-17 17:09:16.616985
4536,109.02405843155073,2025-10-17 17:09:16.616985
4537,121.34641679923739,2025-10-17 17:09:16.616986
4538,115.25382702615838,2025-10-17 17:09:16.616986
4652,153.7027445824884,2025-10-17 17:09:16.616986
4653,166.49406738834904,2025-10-17 17:09:16.616987
4654,151.6582612276181,2025-10-17 17:09:16.616987
4655,167.79791929015587,2025-10-17 17:09:16.616987
4656,169.79832649749028,2025-10-17 17:09:16.616988
4657,151.26695753588183,2025-10-17 17:09:16.616988
4658,135.70991020811752,2025-10-17 17:09:16.616988
4659,152.0137594586937,2025-10-17 17:09:16.616988
4660,170.85734943259843,2025-10-17 17:09:16.616989
4661,174.7903062853405,2025-10-17 17:09:16.616989
4662,179.47431552639605,2025-10-17 17:09:16.616989
4663,180.6647161247255,2025-10-17 17:09:16.616990
4664,174.8968784051798,2025-10-17 17:09:16.616990
4665,182.73823631170376,2025-10-17 17:09:16.616990
4666,147.90564792294242,2025-10-17 17:09:16.616991
4667,131.44973126195245,2025-10-17 17:09:16.616991
4668,128.98032106461022,2025-10-17 17:09:16.616991
4669,131.8466201303907,2025-10-17 17:09:16.616992
4670,127.44643502251422,2025-10-17 17:09:16.616992
4671,147.35215998084635,2025-10-17 17:09:16.616992
4672,158.7771215904172,2025-10-17 17:09:16.616993
4673,162.0131491779412,2025-10-17 17:09:16.616993
4674,162.55015102298788,2025-10-17 17:09:16.616993
4675,154.1754236730494,2025-10-17 17:09:16.616994
4753,127.34335123335921,2025-10-17 17:09:16.616994
4754,131.63584468159962,2025-10-17 17:09:16.616994
4755,124.5222870493097,2025-10-17 17:09:16.616995
4756,127.83933932554038,2025-10-17 17:09:16.616995
4757,107.84528564001864,2025-10-17 17:09:16.616995
4758,109.64093180051334,2025-10-17 17:09:16.616996
4759,112.77112122629909,2025-10-17 17:09:16.616996
4760,139.74162657075735,2025-10-17 17:09:16.616996
4761,131.95119429252733,2025-10-17 17:09:16.616997
4762,131.47891086441268,2025-10-17 17:09:16.616997
4763,143.65654293313406,2025-10-17 17:09:16.616997
4764,133.21978585057226,2025-10-17 17:09:16.616998
4765,133.91130940600613,2025-10-17 17:09:16.616998
4766,129.42358870528665,2025-10-17 17:09:16.616998
4767,131.17140588202378,2025-10-17 17:09:16.616999
4768,132.6049487649516,2025-10-17 17:09:16.616999
4769,131.78455356715068,2025-10-17 17:09:16.616999
4770,141.38651306012608,2025-10-17 17:09:16.617000
4771,121.33101123632898,2025-10-17 17:09:16.617000
4772,115.88462735989009,2025-10-17 17:09:16.617000
4773,110.9474040701315,2025-10-17 17:09:16.617001
4774,109.360957565666,2025-10-17 17:09:16.617001
4775,114.58796541926891,2025-10-17 17:09:16.617001
4776,110.35450718779046,2025-10-17 17:09:16.617001
4777,107.34161128413538,2025-10-17 17:09:16.617002
4778,70.16408785933065,2025-10-17 17:09:16.617002
4779,75.18450742901715,2025-10-17 17:09:16.617002
4780,76.38649247388356,2025-10-17 17:09:16.617003
4781,78.37921023296708,2025-10-17 17:09:16.617003
4782,80.57443015266595,2025-10-17 17:09:16.617003
4783,80.864785108255,2025-10-17 17:09:16.617004
4784,84.08113489377718,2025-10-17 17:09:16.617004
4785,86.44746097616658,2025-10-17 17:09:16.617004
4786,81.25221023622899,2025-10-17 17:09:16.617005
4787,81.20503047347074,2025-10-17 17:09:16.617005
4788,77.90248072169567,2025-10-17 17:09:16.617005
4789,74.5270451730685,2025-10-17 17:09:16.617006
4790,75.28978321319761,2025-10-17 17:09:16.617006
4791,75.76421510288174,2025-10-17 17:09:16.617006
4792,72.45605306867894,2025-10-17 17:09:16.617007
4793,70.9873394185908,2025-10-17 17:09:16.617007
